,m2
1959-01,286.6
1959-02,287.7
1959-03,289.2
1959-04,290.1
1959-05,292.2
1959-06,294.1
1959-07,295.2
1959-08,296.4
1959-09,296.7
1959-10,296.5
1959-11,297.1
1959-12,297.8
1960-01,298.2
1960-02,298.4
1960-03,299.3
1960-04,300.1
1960-05,300.9
1960-06,302.3
1960-07,304.1
1960-08,306.9
1960-09,308.4
1960-10,309.5
1960-11,310.9
1960-12,312.4
1961-01,314.1
1961-02,316.5
1961-03,318.3
1961-04,319.9
1961-05,322.2
1961-06,324.3
1961-07,325.6
1961-08,327.6
1961-09,329.5
1961-10,331.1
1961-11,333.4
1961-12,335.5
1962-01,337.5
1962-02,340.1
1962-03,343.1
1962-04,345.5
1962-05,347.5
1962-06,349.3
1962-07,350.8
1962-08,352.8
1962-09,354.9
1962-10,357.2
1962-11,359.8
1962-12,362.7
1963-01,365.2
1963-02,367.9
1963-03,370.7
1963-04,373.3
1963-05,376.1
1963-06,378.4
1963-07,381.1
1963-08,383.6
1963-09,386.0
1963-10,388.3
1963-11,391.5
1963-12,393.2
1964-01,395.2
1964-02,397.6
1964-03,399.8
1964-04,401.7
1964-05,404.2
1964-06,407.1
1964-07,410.1
1964-08,413.4
1964-09,416.9
1964-10,419.1
1964-11,422.1
1964-12,424.8
1965-01,427.5
1965-02,430.4
1965-03,433.2
1965-04,435.5
1965-05,437.1
1965-06,440.1
1965-07,442.9
1965-08,445.8
1965-09,449.5
1965-10,452.6
1965-11,455.7
1965-12,459.2
1966-01,462.0
1966-02,464.6
1966-03,467.2
1966-04,469.3
1966-05,470.1
1966-06,471.2
1966-07,470.8
1966-08,472.6
1966-09,475.4
1966-10,475.7
1966-11,477.3
1966-12,480.2
1967-01,481.6
1967-02,485.1
1967-03,489.7
1967-04,492.1
1967-05,497.2
1967-06,502.0
1967-07,506.3
1967-08,510.8
1967-09,514.7
1967-10,518.2
1967-11,521.2
1967-12,524.8
1968-01,527.4
1968-02,530.4
1968-03,533.2
1968-04,535.7
1968-05,538.9
1968-06,542.6
1968-07,545.6
1968-08,549.4
1968-09,553.5
1968-10,557.6
1968-11,562.4
1968-12,566.9
1969-01,569.3
1969-02,571.9
1969-03,574.4
1969-04,575.7
1969-05,576.5
1969-06,578.5
1969-07,579.5
1969-08,580.1
1969-09,582.1
1969-10,583.4
1969-11,585.4
1969-12,587.9
1970-01,589.6
1970-02,586.3
1970-03,587.3
1970-04,588.4
1970-05,591.5
1970-06,595.2
1970-07,599.1
1970-08,604.9
1970-09,611.2
1970-10,616.4
1970-11,621.1
1970-12,626.6
1971-01,633.0
1971-02,641.0
1971-03,649.9
1971-04,658.4
1971-05,666.7
1971-06,673.0
1971-07,679.6
1971-08,685.5
1971-09,692.5
1971-10,698.4
1971-11,704.6
1971-12,710.3
1972-01,717.7
1972-02,725.7
1972-03,733.5
1972-04,738.4
1972-05,743.3
1972-06,749.7
1972-07,759.5
1972-08,768.7
1972-09,778.3
1972-10,786.9
1972-11,793.9
1972-12,802.3
1973-01,810.3
1973-02,814.1
1973-03,815.3
1973-04,819.7
1973-05,826.8
1973-06,833.2
1973-07,836.5
1973-08,838.8
1973-09,839.3
1973-10,842.6
1973-11,848.9
1973-12,855.5
1974-01,859.7
1974-02,864.2
1974-03,870.1
1974-04,872.9
1974-05,874.6
1974-06,877.8
1974-07,881.4
1974-08,884.1
1974-09,887.9
1974-10,893.3
1974-11,898.6
1974-12,902.1
1975-01,906.3
1975-02,914.1
1975-03,925.0
1975-04,935.1
1975-05,947.9
1975-06,963.0
1975-07,975.1
1975-08,983.1
1975-09,991.5
1975-10,997.8
1975-11,1007.0
1975-12,1016.3
1976-01,1026.7
1976-02,1040.3
1976-03,1049.9
1976-04,1060.8
1976-05,1072.1
1976-06,1077.6
1976-07,1086.3
1976-08,1098.7
1976-09,1110.8
1976-10,1125.0
1976-11,1138.3
1976-12,1152.1
1977-01,1165.2
1977-02,1177.5
1977-03,1188.4
1977-04,1199.6
1977-05,1209.0
1977-06,1217.8
1977-07,1226.8
1977-08,1237.1
1977-09,1246.3
1977-10,1254.0
1977-11,1262.4
1977-12,1270.4
1978-01,1279.7
1978-02,1285.4
1978-03,1292.1
1978-04,1300.3
1978-05,1310.5
1978-06,1318.5
1978-07,1324.2
1978-08,1333.5
1978-09,1345.1
1978-10,1352.4
1978-11,1359.2
1978-12,1366.1
1979-01,1371.6
1979-02,1377.7
1979-03,1387.7
1979-04,1402.1
1979-05,1410.2
1979-06,1423.0
1979-07,1434.8
1979-08,1446.6
1979-09,1454.2
1979-10,1460.4
1979-11,1465.9
1979-12,1473.9
1980-01,1482.7
1980-02,1494.4
1980-03,1499.7
1980-04,1502.2
1980-05,1512.4
1980-06,1529.2
1980-07,1545.5
1980-08,1561.5
1980-09,1574.0
1980-10,1584.7
1980-11,1595.7
1980-12,1599.9
1981-01,1607.0
1981-02,1618.6
1981-03,1636.5
1981-04,1659.2
1981-05,1664.3
1981-06,1670.4
1981-07,1681.9
1981-08,1694.3
1981-09,1706.0
1981-10,1721.7
1981-11,1736.0
1981-12,1755.5
1982-01,1770.4
1982-02,1774.4
1982-03,1786.4
1982-04,1804.0
1982-05,1815.7
1982-06,1826.2
1982-07,1831.6
1982-08,1845.1
1982-09,1858.3
1982-10,1869.4
1982-11,1883.4
1982-12,1905.9
1983-01,1959.4
1983-02,1996.7
1983-03,2015.2
1983-04,2028.9
1983-05,2043.6
1983-06,2053.8
1983-07,2064.9
1983-08,2073.9
1983-09,2083.0
1983-10,2098.8
1983-11,2111.9
1983-12,2123.4
1984-01,2138.0
1984-02,2158.2
1984-03,2175.3
1984-04,2192.1
1984-05,2204.8
1984-06,2215.6
1984-07,2223.6
1984-08,2230.2
1984-09,2244.2
1984-10,2258.4
1984-11,2280.9
1984-12,2306.3
1985-01,2332.1
1985-02,2353.9
1985-03,2366.3
1985-04,2375.8
1985-05,2390.4
1985-06,2413.3
1985-07,2429.6
1985-08,2443.9
1985-09,2456.2
1985-10,2467.6
1985-11,2477.3
1985-12,2492.0
1986-01,2501.6
1986-02,2512.5
1986-03,2533.1
1986-04,2558.1
1986-05,2585.7
1986-06,2605.7
1986-07,2626.6
1986-08,2646.5
1986-09,2667.9
1986-10,2687.1
1986-11,2701.0
1986-12,2728.0
1987-01,2743.3
1987-02,2747.0
1987-03,2753.5
1987-04,2767.8
1987-05,2773.7
1987-06,2775.3
1987-07,2779.0
1987-08,2788.3
1987-09,2799.6
1987-10,2814.7
1987-11,2818.9
1987-12,2826.7
1988-01,2846.9
1988-02,2869.6
1988-03,2890.2
1988-04,2910.4
1988-05,2926.6
1988-06,2939.0
1988-07,2947.2
1988-08,2952.1
1988-09,2957.2
1988-10,2965.4
1988-11,2980.3
1988-12,2988.8
1989-01,2991.2
1989-02,2991.2
1989-03,2998.9
1989-04,3005.5
1989-05,3012.1
1989-06,3028.6
1989-07,3052.5
1989-08,3074.6
1989-09,3092.9
1989-10,3114.3
1989-11,3133.6
1989-12,3153.4
1990-01,3166.3
1990-02,3178.2
1990-03,3189.2
1990-04,3201.2
1990-05,3201.3
1990-06,3214.6
1990-07,3224.7
1990-08,3242.1
1990-09,3254.7
1990-10,3259.2
1990-11,3262.8
1990-12,3272.5
1991-01,3287.4
1991-02,3303.6
1991-03,3321.0
1991-04,3331.9
1991-05,3343.6
1991-06,3352.8
1991-07,3356.2
1991-08,3355.0
1991-09,3355.0
1991-10,3360.0
1991-11,3365.8
1991-12,3373.0
1992-01,3380.9
1992-02,3399.3
1992-03,3403.1
1992-04,3399.2
1992-05,3399.1
1992-06,3394.0
1992-07,3393.9
1992-08,3398.7
1992-09,3410.4
1992-10,3423.9
1992-11,3426.9
1992-12,3425.3
1993-01,3418.9
1993-02,3413.8
1993-03,3410.9
1993-04,3410.7
1993-05,3437.5
1993-06,3442.7
1993-07,3441.9
1993-08,3445.6
1993-09,3452.6
1993-10,3456.9
1993-11,3470.7
1993-12,3475.0
1994-01,3474.8
1994-02,3475.1
1994-03,3479.2
1994-04,3480.5
1994-05,3491.4
1994-06,3479.8
1994-07,3488.1
1994-08,3485.6
1994-09,3486.7
1994-10,3484.8
1994-11,3487.8
1994-12,3486.7
1995-01,3492.2
1995-02,3489.2
1995-03,3489.9
1995-04,3498.2
1995-05,3525.1
1995-06,3549.4
1995-07,3567.5
1995-08,3588.9
1995-09,3602.9
1995-10,3614.1
1995-11,3620.4
1995-12,3629.8
1996-01,3647.4
1996-02,3660.8
1996-03,3685.4
1996-04,3696.4
1996-05,3710.7
1996-06,3723.3
1996-07,3737.5
1996-08,3744.1
1996-09,3754.2
1996-10,3773.4
1996-11,3795.5
1996-12,3818.7
1997-01,3834.0
1997-02,3845.0
1997-03,3859.5
1997-04,3875.8
1997-05,3890.5
1997-06,3907.1
1997-07,3924.9
1997-08,3957.7
1997-09,3973.7
1997-10,3992.7
1997-11,4015.0
1997-12,4033.0
1998-01,4055.2
1998-02,4087.3
1998-03,4112.4
1998-04,4138.9
1998-05,4165.9
1998-06,4185.6
1998-07,4205.4
1998-08,4229.3
1998-09,4268.3
1998-10,4308.2
1998-11,4346.8
1998-12,4375.5
1999-01,4401.7
1999-02,4423.7
1999-03,4430.1
1999-04,4459.9
1999-05,4487.9
1999-06,4510.1
1999-07,4537.6
1999-08,4553.6
1999-09,4569.5
1999-10,4592.9
1999-11,4611.9
1999-12,4639.1
2000-01,4666.1
2000-02,4678.7
2000-03,4709.1
2000-04,4766.4
2000-05,4757.5
2000-06,4775.8
2000-07,4793.4
2000-08,4820.4
2000-09,4855.9
2000-10,4871.4
2000-11,4882.6
2000-12,4927.3
2001-01,4976.8
2001-02,5014.9
2001-03,5072.2
2001-04,5137.9
2001-05,5139.1
2001-06,5182.3
2001-07,5212.0
2001-08,5244.4
2001-09,5355.9
2001-10,5344.0
2001-11,5387.5
2001-12,5440.1
2002-01,5459.6
2002-02,5488.4
2002-03,5499.8
2002-04,5501.3
2002-05,5530.1
2002-06,5555.3
2002-07,5597.6
2002-08,5638.5
2002-09,5662.9
2002-10,5707.3
2002-11,5758.0
2002-12,5779.0
2003-01,5811.1
2003-02,5846.8
2003-03,5866.3
2003-04,5904.9
2003-05,5967.0
2003-06,6003.9
2003-07,6050.4
2003-08,6107.0
2003-09,6080.0
2003-10,6070.2
2003-11,6075.5
2003-12,6073.5
2004-01,6081.3
2004-02,6120.7
2004-03,6156.3
2004-04,6198.5
2004-05,6277.2
2004-06,6279.3
2004-07,6292.3
2004-08,6317.7
2004-09,6352.3
2004-10,6379.9
2004-11,6406.3
2004-12,6424.3
2005-01,6429.9
2005-02,6437.7
2005-03,6446.6
2005-04,6461.4
2005-05,6480.6
2005-06,6513.2
2005-07,6545.1
2005-08,6576.7
2005-09,6610.2
2005-10,6644.0
2005-11,6660.6
2005-12,6687.4
2006-01,6728.4
2006-02,6753.1
2006-03,6766.9
2006-04,6806.3
2006-05,6815.7
2006-06,6854.0
2006-07,6896.1
2006-08,6926.4
2006-09,6952.8
2006-10,7002.1
2006-11,7037.3
2006-12,7079.3
2007-01,7115.6
2007-02,7131.9
2007-03,7164.7
2007-04,7239.9
2007-05,7257.1
2007-06,7290.6
2007-07,7321.8
2007-08,7397.0
2007-09,7413.8
2007-10,7429.0
2007-11,7454.0
2007-12,7482.7
2008-01,7513.6
2008-02,7600.3
2008-03,7664.9
2008-04,7711.4
2008-05,7728.3
2008-06,7747.3
2008-07,7794.9
2008-08,7808.8
2008-09,7873.6
2008-10,7976.3
2008-11,8027.8
2008-12,8203.0
2009-01,8284.2
2009-02,8314.7
2009-03,8380.5
2009-04,8390.2
2009-05,8452.9
2009-06,8462.9
2009-07,8467.3
2009-08,8466.2
2009-09,8462.7
2009-10,8489.2
2009-11,8517.9
2009-12,8510.6
2010-01,8473.1
2010-02,8523.4
2010-03,8519.0
2010-04,8554.3
2010-05,8612.0
2010-06,8631.0
2010-07,8642.3
2010-08,8690.5
2010-09,8719.6
2010-10,8769.8
2010-11,8790.3
2010-12,8822.0
2011-01,8844.5
2011-02,8909.9
2011-03,8967.7
2011-04,9033.6
2011-05,9109.4
2011-06,9184.2
2011-07,9346.9
2011-08,9532.5
2011-09,9553.3
2011-10,9586.2
2011-11,9639.5
2011-12,9683.5
2012-01,9753.3
2012-02,9806.3
2012-03,9849.3
2012-04,9905.0
2012-05,9951.9
2012-06,10023.7
2012-07,10076.0
2012-08,10147.8
2012-09,10228.4
2012-10,10294.4
2012-11,10365.6
2012-12,10485.4
2013-01,10502.3
2013-02,10523.0
2013-03,10578.7
2013-04,10608.9
2013-05,10646.5
2013-06,10705.6
2013-07,10743.0
2013-08,10803.6
2013-09,10865.8
2013-10,10989.2
2013-11,10999.8
2013-12,11062.4
2014-01,11127.5
2014-02,11191.9
2014-03,11228.8
2014-04,11276.0
2014-05,11343.1
2014-06,11398.4
2014-07,11452.5
2014-08,11477.8
2014-09,11520.7
2014-10,11596.5
2014-11,11638.9
2014-12,11721.2
2015-01,11806.2
2015-02,11920.7
2015-03,11919.1
2015-04,11953.4
2015-05,11981.9
2015-06,12020.9
2015-07,12063.5
2015-08,12110.1
2015-09,12172.7
2015-10,12228.4
2015-11,12322.7
2015-12,12393.6
2016-01,12522.2
2016-02,12604.4
2016-03,12662.2
2016-04,12741.9
2016-05,12800.7
2016-06,12849.3
2016-07,12907.3
2016-08,12986.7
2016-09,13052.7
2016-10,13124.5
2016-11,13214.2
2016-12,13240.6
2017-01,13318.9
2017-02,13395.2
2017-03,13464.6
2017-04,13520.3
2017-05,13567.4
2017-06,13577.0
2017-07,13638.5
2017-08,13695.0
2017-09,13743.0
2017-10,13801.5
2017-11,13849.1
2017-12,13887.3
2018-01,13902.4
2018-02,13949.8
2018-03,14014.5
2018-04,14034.8
2018-05,14091.0
2018-06,14133.2
2018-07,14170.0
2018-08,14221.3
2018-09,14243.9
2018-10,14257.6
2018-11,14288.4
2018-12,14392.0
2019-01,14460.2
2019-02,14506.6
2019-03,14559.5
2019-04,14594.0
2019-05,14703.2
2019-06,14798.8
2019-07,14882.7
2019-08,14974.4
2019-09,15047.2
2019-10,15185.6
2019-11,15301.3
2019-12,15351.5
2020-01,15425.0
2020-02,15492.8
2020-03,16034.4
2020-04,17064.0
2020-05,17931.9
2020-06,18180.0
2020-07,18331.4
2020-08,18413.3
2020-09,18605.0
2020-10,18759.9
2020-11,19002.4
2020-12,19119.4
2021-01,19375.3
2021-02,19641.4
2021-03,19874.5
2021-04,20174.1
2021-05,20457.2
2021-06,20472.1
2021-07,20629.1
2021-08,20843.2
2021-09,20984.5
2021-10,21163.3
2021-11,21340.1
2021-12,21502.0
2022-01,21646.4
2022-02,21724.7
2022-03,21787.2
2022-04,21767.6
2022-05,21717.4
2022-06,21646.7
2022-07,21649.2
2022-08,21641.9
2022-09,21541.3
2022-10,21464.1
2022-11,21409.4
2022-12,21293.1
2023-01,21274.0
2023-02,21240.2
2023-03,20942.3
2023-04,20758.3
2023-05,20829.6
2023-06,20798.9
2023-07,20792.2
2023-08,20782.0
2023-09,20753.6
2023-10,20737.5
2023-11,20749.7
2023-12,20779.9
2024-01,20835.5
2024-02,20921.7
2024-03,20965.9
2024-04,20955.5
2024-05,21021.7
2024-06,21070.7
2024-07,21098.8
2024-08,21191.9
2024-09,21275.5
2024-10,21336.7
2024-11,21454.8
2024-12,21487.6
2025-01,21539.2
2025-02,21607.2
2025-03,21684.1
2025-04,21770.9
2025-05,21836.2
2025-06,21942.7
2025-07,22025.5
2025-08,22092.5
2025-09,22176.1
2025-10,22249.8
2025-11,22279.8
2025-12,22355.3
2026-01,22420.1
2026-02,22620.3
2026-03,22676.1
2026-04,22799.9
2026-05,23055.6
2026-06,23155.2
