,claims
1967-01,209000.0
1967-02,229000.0
1967-03,260750.0
1967-04,263000.0
1967-05,235750.0
1967-06,232000.0
1967-07,227800.0
1967-08,212750.0
1967-09,216400.0
1967-10,216750.0
1967-11,206250.0
1967-12,211200.0
1968-01,215750.0
1968-02,210750.0
1968-03,195200.0
1968-04,199000.0
1968-05,199000.0
1968-06,193600.0
1968-07,196250.0
1968-08,199400.0
1968-09,191000.0
1968-10,186000.0
1968-11,183400.0
1968-12,199500.0
1969-01,191500.0
1969-02,196000.0
1969-03,189000.0
1969-04,184000.0
1969-05,181200.0
1969-06,192000.0
1969-07,208750.0
1969-08,198400.0
1969-09,194750.0
1969-10,199250.0
1969-11,205000.0
1969-12,219750.0
1970-01,247000.0
1970-02,258500.0
1970-03,268250.0
1970-04,325250.0
1970-05,310400.0
1970-06,296500.0
1970-07,286500.0
1970-08,285400.0
1970-09,318500.0
1970-10,333600.0
1970-11,325250.0
1970-12,306000.0
1971-01,298800.0
1971-02,284000.0
1971-03,293750.0
1971-04,287500.0
1971-05,292200.0
1971-06,296500.0
1971-07,293200.0
1971-08,325250.0
1971-09,320250.0
1971-10,297600.0
1971-11,287000.0
1971-12,273000.0
1972-01,271200.0
1972-02,263500.0
1972-03,262750.0
1972-04,263000.0
1972-05,267750.0
1972-06,273250.0
1972-07,297600.0
1972-08,253500.0
1972-09,256200.0
1972-10,251000.0
1972-11,250750.0
1972-12,242400.0
1973-01,228500.0
1973-02,222000.0
1973-03,227200.0
1973-04,239000.0
1973-05,240250.0
1973-06,238800.0
1973-07,242750.0
1973-08,258250.0
1973-09,246800.0
1973-10,241500.0
1973-11,253750.0
1973-12,284000.0
1974-01,305250.0
1974-02,318500.0
1974-03,311600.0
1974-04,293000.0
1974-05,297500.0
1974-06,305600.0
1974-07,309500.0
1974-08,341400.0
1974-09,360750.0
1974-10,396750.0
1974-11,457600.0
1974-12,524000.0
1975-01,535000.0
1975-02,544500.0
1975-03,546600.0
1975-04,525250.0
1975-05,498800.0
1975-06,495500.0
1975-07,442000.0
1975-08,452000.0
1975-09,445250.0
1975-10,421250.0
1975-11,400600.0
1975-12,374250.0
1976-01,371200.0
1976-02,348250.0
1976-03,360500.0
1976-04,370250.0
1976-05,391600.0
1976-06,393750.0
1976-07,390800.0
1976-08,388500.0
1976-09,407500.0
1976-10,409000.0
1976-11,389500.0
1976-12,373750.0
1977-01,401800.0
1977-02,450750.0
1977-03,360250.0
1977-04,367400.0
1977-05,380250.0
1977-06,361250.0
1977-07,361400.0
1977-08,367250.0
1977-09,368750.0
1977-10,359000.0
1977-11,353500.0
1977-12,359600.0
1978-01,351000.0
1978-02,383250.0
1978-03,349000.0
1978-04,326000.0
1978-05,327000.0
1978-06,324250.0
1978-07,350200.0
1978-08,348750.0
1978-09,322600.0
1978-10,328250.0
1978-11,330500.0
1978-12,355600.0
1979-01,357500.0
1979-02,358500.0
1979-03,358000.0
1979-04,415500.0
1979-05,348000.0
1979-06,360000.0
1979-07,379250.0
1979-08,393750.0
1979-09,385800.0
1979-10,402250.0
1979-11,413250.0
1979-12,428200.0
1980-01,414250.0
1980-02,418000.0
1980-03,433800.0
1980-04,529750.0
1980-05,615800.0
1980-06,607000.0
1980-07,559250.0
1980-08,528200.0
1980-09,482750.0
1980-10,438000.0
1980-11,412600.0
1980-12,410000.0
1981-01,413000.0
1981-02,428750.0
1981-03,407500.0
1981-04,410250.0
1981-05,416400.0
1981-06,433000.0
1981-07,430750.0
1981-08,450200.0
1981-09,473250.0
1981-10,492800.0
1981-11,511750.0
1981-12,551000.0
1982-01,535200.0
1982-02,533750.0
1982-03,556500.0
1982-04,587000.0
1982-05,583800.0
1982-06,599500.0
1982-07,576000.0
1982-08,629500.0
1982-09,660750.0
1982-10,652400.0
1982-11,594250.0
1982-12,523750.0
1983-01,501000.0
1983-02,488750.0
1983-03,480250.0
1983-04,496000.0
1983-05,468000.0
1983-06,444250.0
1983-07,408000.0
1983-08,435750.0
1983-09,408750.0
1983-10,402200.0
1983-11,392500.0
1983-12,368800.0
1984-01,351000.0
1984-02,339250.0
1984-03,345800.0
1984-04,369250.0
1984-05,360250.0
1984-06,361400.0
1984-07,360500.0
1984-08,389500.0
1984-09,395400.0
1984-10,419250.0
1984-11,407000.0
1984-12,385600.0
1985-01,370750.0
1985-02,391750.0
1985-03,380800.0
1985-04,398250.0
1985-05,392750.0
1985-06,392400.0
1985-07,378250.0
1985-08,404400.0
1985-09,408500.0
1985-10,405750.0
1985-11,393400.0
1985-12,385250.0
1986-01,366750.0
1986-02,369500.0
1986-03,381200.0
1986-04,385750.0
1986-05,386000.0
1986-06,370500.0
1986-07,362000.0
1986-08,407400.0
1986-09,395500.0
1986-10,383250.0
1986-11,363200.0
1986-12,358250.0
1987-01,345600.0
1987-02,348750.0
1987-03,333250.0
1987-04,336250.0
1987-05,331000.0
1987-06,322250.0
1987-07,319250.0
1987-08,325600.0
1987-09,309750.0
1987-10,300000.0
1987-11,306750.0
1987-12,318750.0
1988-01,335600.0
1988-02,318750.0
1988-03,305500.0
1988-04,312200.0
1988-05,313750.0
1988-06,308250.0
1988-07,321600.0
1988-08,314750.0
1988-09,304500.0
1988-10,291400.0
1988-11,290500.0
1988-12,293200.0
1989-01,289750.0
1989-02,303750.0
1989-03,322000.0
1989-04,311800.0
1989-05,324500.0
1989-06,333000.0
1989-07,341600.0
1989-08,334500.0
1989-09,336000.0
1989-10,363250.0
1989-11,336750.0
1989-12,355200.0
1990-01,361000.0
1990-02,358250.0
1990-03,345200.0
1990-04,361750.0
1990-05,355250.0
1990-06,362400.0
1990-07,367000.0
1990-08,384250.0
1990-09,394000.0
1990-10,425250.0
1990-11,446750.0
1990-12,455000.0
1991-01,439750.0
1991-02,484000.0
1991-03,498600.0
1991-04,467250.0
1991-05,447000.0
1991-06,428600.0
1991-07,418250.0
1991-08,431600.0
1991-09,424500.0
1991-10,422750.0
1991-11,445400.0
1991-12,456750.0
1992-01,439000.0
1992-02,442200.0
1992-03,429500.0
1992-04,418250.0
1992-05,417400.0
1992-06,418750.0
1992-07,442750.0
1992-08,407200.0
1992-09,417000.0
1992-10,377800.0
1992-11,362250.0
1992-12,339000.0
1993-01,345600.0
1993-02,338250.0
1993-03,351000.0
1993-04,354750.0
1993-05,343600.0
1993-06,342750.0
1993-07,350800.0
1993-08,341000.0
1993-09,339000.0
1993-10,349800.0
1993-11,341000.0
1993-12,323000.0
1994-01,359200.0
1994-02,348500.0
1994-03,335750.0
1994-04,344000.0
1994-05,359000.0
1994-06,340000.0
1994-07,342200.0
1994-08,336250.0
1994-09,330250.0
1994-10,333400.0
1994-11,328000.0
1994-12,323200.0
1995-01,333500.0
1995-02,337750.0
1995-03,340250.0
1995-04,350200.0
1995-05,370250.0
1995-06,366250.0
1995-07,371400.0
1995-08,356250.0
1995-09,362000.0
1995-10,371500.0
1995-11,377000.0
1995-12,365000.0
1996-01,374000.0
1996-02,377250.0
1996-03,386400.0
1996-04,359250.0
1996-05,344500.0
1996-06,342200.0
1996-07,337000.0
1996-08,331800.0
1996-09,342750.0
1996-10,339000.0
1996-11,336400.0
1996-12,353500.0
1997-01,339000.0
1997-02,320750.0
1997-03,319400.0
1997-04,327000.0
1997-05,323800.0
1997-06,325500.0
1997-07,320250.0
1997-08,330200.0
1997-09,315250.0
1997-10,310000.0
1997-11,314600.0
1997-12,313250.0
1998-01,321200.0
1998-02,319000.0
1998-03,315000.0
1998-04,311000.0
1998-05,311200.0
1998-06,338000.0
1998-07,333000.0
1998-08,312600.0
1998-09,304000.0
1998-10,310600.0
1998-11,316000.0
1998-12,316000.0
1999-01,326200.0
1999-02,301500.0
1999-03,302750.0
1999-04,308500.0
1999-05,301600.0
1999-06,294000.0
1999-07,298000.0
1999-08,290750.0
1999-09,289500.0
1999-10,290400.0
1999-11,281750.0
1999-12,278500.0
2000-01,288400.0
2000-02,293750.0
2000-03,274750.0
2000-04,271600.0
2000-05,282250.0
2000-06,291000.0
2000-07,295000.0
2000-08,312750.0
2000-09,300200.0
2000-10,301000.0
2000-11,334250.0
2000-12,346000.0
2001-01,340000.0
2001-02,371250.0
2001-03,387200.0
2001-04,396750.0
2001-05,394500.0
2001-06,397200.0
2001-07,398000.0
2001-08,398000.0
2001-09,435000.0
2001-10,480750.0
2001-11,447500.0
2001-12,416800.0
2002-01,408500.0
2002-02,399000.0
2002-03,415400.0
2002-04,429250.0
2002-05,409000.0
2002-06,387200.0
2002-07,386000.0
2002-08,393600.0
2002-09,409500.0
2002-10,407500.0
2002-11,392200.0
2002-12,414250.0
2003-01,395000.0
2003-02,411000.0
2003-03,427400.0
2003-04,436250.0
2003-05,424000.0
2003-06,421750.0
2003-07,411500.0
2003-08,400200.0
2003-09,395500.0
2003-10,382000.0
2003-11,363000.0
2003-12,358250.0
2004-01,360200.0
2004-02,360750.0
2004-03,342000.0
2004-04,348250.0
2004-05,336200.0
2004-06,349000.0
2004-07,343000.0
2004-08,340750.0
2004-09,337250.0
2004-10,334000.0
2004-11,328750.0
2004-12,325250.0
2005-01,343400.0
2005-02,311750.0
2005-03,332000.0
2005-04,323200.0
2005-05,327000.0
2005-06,325750.0
2005-07,324400.0
2005-08,315750.0
2005-09,382750.0
2005-10,352200.0
2005-11,317250.0
2005-12,316400.0
2006-01,295750.0
2006-02,290750.0
2006-03,301750.0
2006-04,303600.0
2006-05,332750.0
2006-06,305500.0
2006-07,318800.0
2006-08,314250.0
2006-09,316200.0
2006-10,315500.0
2006-11,326250.0
2006-12,324000.0
2007-01,317250.0
2007-02,322750.0
2007-03,309400.0
2007-04,320250.0
2007-05,304250.0
2007-06,315200.0
2007-07,313250.0
2007-08,320000.0
2007-09,313400.0
2007-10,328250.0
2007-11,336000.0
2007-12,348200.0
2008-01,338750.0
2008-02,346750.0
2008-03,363400.0
2008-04,359500.0
2008-05,366800.0
2008-06,383250.0
2008-07,398000.0
2008-08,433000.0
2008-09,464000.0
2008-10,475250.0
2008-11,519800.0
2008-12,564000.0
2009-01,572000.0
2009-02,644000.0
2009-03,659250.0
2009-04,627750.0
2009-05,612000.0
2009-06,598250.0
2009-07,566500.0
2009-08,559200.0
2009-09,547500.0
2009-10,525400.0
2009-11,494000.0
2009-12,485500.0
2010-01,479800.0
2010-02,485750.0
2010-03,470250.0
2010-04,469000.0
2010-05,459400.0
2010-06,460500.0
2010-07,459200.0
2010-08,475000.0
2010-09,453500.0
2010-10,446800.0
2010-11,426250.0
2010-12,420250.0
2011-01,426800.0
2011-02,401500.0
2011-03,406000.0
2011-04,420600.0
2011-05,422500.0
2011-06,418250.0
2011-07,412600.0
2011-08,409500.0
2011-09,417750.0
2011-10,402400.0
2011-11,389250.0
2011-12,377000.0
2012-01,377750.0
2012-02,363250.0
2012-03,366600.0
2012-04,381750.0
2012-05,373500.0
2012-06,379200.0
2012-07,372500.0
2012-08,373250.0
2012-09,381800.0
2012-10,368500.0
2012-11,401250.0
2012-12,359000.0
2013-01,353000.0
2013-02,353000.0
2013-03,351800.0
2013-04,347250.0
2013-05,347750.0
2013-06,344600.0
2013-07,346000.0
2013-08,333400.0
2013-09,314000.0
2013-10,358500.0
2013-11,328200.0
2013-12,346000.0
2014-01,326750.0
2014-02,335250.0
2014-03,321000.0
2014-04,322750.0
2014-05,313800.0
2014-06,313500.0
2014-07,301750.0
2014-08,302000.0
2014-09,295000.0
2014-10,288750.0
2014-11,291600.0
2014-12,284500.0
2015-01,287600.0
2015-02,301250.0
2015-03,284000.0
2015-04,286000.0
2015-05,274000.0
2015-06,273750.0
2015-07,277750.0
2015-08,275200.0
2015-09,269500.0
2015-10,267000.0
2015-11,268500.0
2015-12,271000.0
2016-01,279600.0
2016-02,266750.0
2016-03,263250.0
2016-04,266000.0
2016-05,274500.0
2016-06,265250.0
2016-07,259400.0
2016-08,263500.0
2016-09,251500.0
2016-10,255800.0
2016-11,245750.0
2016-12,252200.0
2017-01,244000.0
2017-02,230250.0
2017-03,233750.0
2017-04,227800.0
2017-05,239000.0
2017-06,248000.0
2017-07,250800.0
2017-08,247750.0
2017-09,272400.0
2017-10,242250.0
2017-11,247750.0
2017-12,242600.0
2018-01,235250.0
2018-02,221000.0
2018-03,225800.0
2018-04,221500.0
2018-05,221250.0
2018-06,222600.0
2018-07,209500.0
2018-08,208500.0
2018-09,205200.0
2018-10,213000.0
2018-11,225250.0
2018-12,224600.0
2019-01,222750.0
2019-02,222500.0
2019-03,211800.0
2019-04,209750.0
2019-05,218500.0
2019-06,225200.0
2019-07,208500.0
2019-08,211000.0
2019-09,209500.0
2019-10,212250.0
2019-11,224400.0
2019-12,236000.0
2020-01,215500.0
2020-02,210200.0
2020-03,2335250.0
2020-04,4663250.0
2020-05,2173400.0
2020-06,1490250.0
2020-07,1383500.0
2020-08,922400.0
2020-09,851750.0
2020-10,795400.0
2020-11,751250.0
2020-12,836750.0
2021-01,827800.0
2021-02,755000.0
2021-03,669250.0
2021-04,589000.0
2021-05,469200.0
2021-06,409500.0
2021-07,370000.0
2021-08,359750.0
2021-09,354750.0
2021-10,284400.0
2021-11,236500.0
2021-12,216250.0
2022-01,239200.0
2022-02,219000.0
2022-03,215000.0
2022-04,213000.0
2022-05,209750.0
2022-06,212500.0
2022-07,218200.0
2022-08,216500.0
2022-09,197500.0
2022-10,202600.0
2022-11,210750.0
2022-12,208200.0
2023-01,204500.0
2023-02,214750.0
2023-03,229000.0
2023-04,216400.0
2023-05,226000.0
2023-06,250750.0
2023-07,235200.0
2023-08,245000.0
2023-09,218600.0
2023-10,210250.0
2023-11,218000.0
2023-12,207800.0
2024-01,211500.0
2024-02,210000.0
2024-03,215200.0
2024-04,210250.0
2024-05,222000.0
2024-06,234800.0
2024-07,237250.0
2024-08,230600.0
2024-09,224500.0
2024-10,236250.0
2024-11,219200.0
2024-12,222750.0
2025-01,215000.0
2025-02,225000.0
2025-03,223000.0
2025-04,225750.0
2025-05,231800.0
2025-06,239000.0
2025-07,221500.0
2025-08,229600.0
2025-09,234000.0
2025-10,226750.0
2025-11,222400.0
2025-12,219250.0
2026-01,211800.0
2026-02,215750.0
2026-03,208000.0
2026-04,207750.0
2026-05,211600.0
2026-06,222500.0
2026-07,203250.0
2026-08,206000.0
