,gs2
1976-06,7.06
1976-07,6.85
1976-08,6.63
1976-09,6.42
1976-10,5.98
1976-11,5.81
1976-12,5.38
1977-01,5.9
1977-02,6.09
1977-03,6.09
1977-04,5.96
1977-05,6.25
1977-06,6.13
1977-07,6.27
1977-08,6.61
1977-09,6.71
1977-10,7.11
1977-11,7.14
1977-12,7.18
1978-01,7.49
1978-02,7.57
1978-03,7.58
1978-04,7.74
1978-05,8.01
1978-06,8.24
1978-07,8.49
1978-08,8.37
1978-09,8.57
1978-10,8.85
1978-11,9.42
1978-12,9.72
1979-01,9.86
1979-02,9.72
1979-03,9.79
1979-04,9.78
1979-05,9.78
1979-06,9.22
1979-07,9.14
1979-08,9.46
1979-09,10.06
1979-10,11.49
1979-11,11.81
1979-12,11.39
1980-01,11.5
1980-02,13.42
1980-03,14.88
1980-04,12.5
1980-05,9.45
1980-06,8.73
1980-07,9.03
1980-08,10.53
1980-09,11.57
1980-10,12.09
1980-11,13.51
1980-12,14.08
1981-01,13.26
1981-02,13.92
1981-03,13.57
1981-04,14.15
1981-05,15.46
1981-06,14.51
1981-07,15.35
1981-08,16.28
1981-09,16.46
1981-10,15.54
1981-11,12.88
1981-12,13.29
1982-01,14.57
1982-02,14.82
1982-03,14.19
1982-04,14.2
1982-05,13.78
1982-06,14.47
1982-07,13.8
1982-08,12.32
1982-09,11.78
1982-10,10.19
1982-11,9.8
1982-12,9.66
1983-01,9.33
1983-02,9.64
1983-03,9.66
1983-04,9.57
1983-05,9.49
1983-06,10.18
1983-07,10.69
1983-08,11.07
1983-09,10.79
1983-10,10.57
1983-11,10.66
1983-12,10.84
1984-01,10.64
1984-02,10.79
1984-03,11.31
1984-04,11.69
1984-05,12.47
1984-06,12.91
1984-07,12.88
1984-08,12.43
1984-09,12.2
1984-10,11.6
1984-11,10.65
1984-12,10.18
1985-01,9.93
1985-02,10.17
1985-03,10.71
1985-04,10.09
1985-05,9.39
1985-06,8.69
1985-07,8.77
1985-08,8.94
1985-09,8.98
1985-10,8.86
1985-11,8.58
1985-12,8.15
1986-01,8.14
1986-02,7.97
1986-03,7.21
1986-04,6.7
1986-05,7.07
1986-06,7.18
1986-07,6.67
1986-08,6.33
1986-09,6.35
1986-10,6.28
1986-11,6.28
1986-12,6.27
1987-01,6.23
1987-02,6.4
1987-03,6.42
1987-04,7.02
1987-05,7.76
1987-06,7.57
1987-07,7.44
1987-08,7.75
1987-09,8.34
1987-10,8.4
1987-11,7.69
1987-12,7.86
1988-01,7.63
1988-02,7.18
1988-03,7.27
1988-04,7.59
1988-05,8.0
1988-06,8.03
1988-07,8.28
1988-08,8.63
1988-09,8.46
1988-10,8.35
1988-11,8.67
1988-12,9.09
1989-01,9.18
1989-02,9.37
1989-03,9.68
1989-04,9.45
1989-05,9.02
1989-06,8.41
1989-07,7.82
1989-08,8.14
1989-09,8.28
1989-10,7.98
1989-11,7.8
1989-12,7.78
1990-01,8.09
1990-02,8.37
1990-03,8.63
1990-04,8.72
1990-05,8.64
1990-06,8.35
1990-07,8.16
1990-08,8.06
1990-09,8.08
1990-10,7.88
1990-11,7.6
1990-12,7.31
1991-01,7.13
1991-02,6.87
1991-03,7.1
1991-04,6.95
1991-05,6.78
1991-06,6.96
1991-07,6.92
1991-08,6.43
1991-09,6.18
1991-10,5.91
1991-11,5.56
1991-12,5.03
1992-01,4.96
1992-02,5.21
1992-03,5.69
1992-04,5.34
1992-05,5.23
1992-06,5.05
1992-07,4.36
1992-08,4.19
1992-09,3.89
1992-10,4.08
1992-11,4.58
1992-12,4.67
1993-01,4.39
1993-02,4.1
1993-03,3.95
1993-04,3.84
1993-05,3.98
1993-06,4.16
1993-07,4.07
1993-08,4.0
1993-09,3.85
1993-10,3.87
1993-11,4.16
1993-12,4.21
1994-01,4.14
1994-02,4.47
1994-03,5.0
1994-04,5.55
1994-05,5.97
1994-06,5.93
1994-07,6.13
1994-08,6.18
1994-09,6.39
1994-10,6.73
1994-11,7.15
1994-12,7.59
1995-01,7.51
1995-02,7.11
1995-03,6.78
1995-04,6.57
1995-05,6.17
1995-06,5.72
1995-07,5.78
1995-08,5.98
1995-09,5.81
1995-10,5.7
1995-11,5.48
1995-12,5.32
1996-01,5.11
1996-02,5.03
1996-03,5.66
1996-04,5.96
1996-05,6.1
1996-06,6.3
1996-07,6.27
1996-08,6.03
1996-09,6.23
1996-10,5.91
1996-11,5.7
1996-12,5.78
1997-01,6.01
1997-02,5.9
1997-03,6.22
1997-04,6.45
1997-05,6.28
1997-06,6.09
1997-07,5.89
1997-08,5.94
1997-09,5.88
1997-10,5.77
1997-11,5.71
1997-12,5.72
1998-01,5.36
1998-02,5.42
1998-03,5.56
1998-04,5.56
1998-05,5.59
1998-06,5.52
1998-07,5.46
1998-08,5.27
1998-09,4.67
1998-10,4.09
1998-11,4.54
1998-12,4.51
1999-01,4.62
1999-02,4.88
1999-03,5.05
1999-04,4.98
1999-05,5.25
1999-06,5.62
1999-07,5.55
1999-08,5.68
1999-09,5.66
1999-10,5.86
1999-11,5.86
1999-12,6.1
2000-01,6.44
2000-02,6.61
2000-03,6.53
2000-04,6.4
2000-05,6.81
2000-06,6.48
2000-07,6.34
2000-08,6.23
2000-09,6.08
2000-10,5.91
2000-11,5.88
2000-12,5.35
2001-01,4.76
2001-02,4.66
2001-03,4.34
2001-04,4.23
2001-05,4.26
2001-06,4.08
2001-07,4.04
2001-08,3.76
2001-09,3.12
2001-10,2.73
2001-11,2.78
2001-12,3.11
2002-01,3.03
2002-02,3.02
2002-03,3.56
2002-04,3.42
2002-05,3.26
2002-06,2.99
2002-07,2.56
2002-08,2.13
2002-09,2.0
2002-10,1.91
2002-11,1.92
2002-12,1.84
2003-01,1.74
2003-02,1.63
2003-03,1.57
2003-04,1.62
2003-05,1.42
2003-06,1.23
2003-07,1.47
2003-08,1.86
2003-09,1.71
2003-10,1.75
2003-11,1.93
2003-12,1.91
2004-01,1.76
2004-02,1.74
2004-03,1.58
2004-04,2.07
2004-05,2.53
2004-06,2.76
2004-07,2.64
2004-08,2.51
2004-09,2.53
2004-10,2.58
2004-11,2.85
2004-12,3.01
2005-01,3.22
2005-02,3.38
2005-03,3.73
2005-04,3.65
2005-05,3.64
2005-06,3.64
2005-07,3.87
2005-08,4.04
2005-09,3.95
2005-10,4.27
2005-11,4.42
2005-12,4.4
2006-01,4.4
2006-02,4.67
2006-03,4.73
2006-04,4.89
2006-05,4.97
2006-06,5.12
2006-07,5.12
2006-08,4.9
2006-09,4.77
2006-10,4.8
2006-11,4.74
2006-12,4.67
2007-01,4.88
2007-02,4.85
2007-03,4.57
2007-04,4.67
2007-05,4.77
2007-06,4.98
2007-07,4.82
2007-08,4.31
2007-09,4.01
2007-10,3.97
2007-11,3.34
2007-12,3.12
2008-01,2.48
2008-02,1.97
2008-03,1.62
2008-04,2.05
2008-05,2.45
2008-06,2.77
2008-07,2.57
2008-08,2.42
2008-09,2.08
2008-10,1.61
2008-11,1.21
2008-12,0.82
2009-01,0.81
2009-02,0.98
2009-03,0.93
2009-04,0.93
2009-05,0.93
2009-06,1.18
2009-07,1.02
2009-08,1.12
2009-09,0.96
2009-10,0.95
2009-11,0.8
2009-12,0.87
2010-01,0.93
2010-02,0.86
2010-03,0.96
2010-04,1.06
2010-05,0.83
2010-06,0.72
2010-07,0.62
2010-08,0.52
2010-09,0.48
2010-10,0.38
2010-11,0.45
2010-12,0.62
2011-01,0.61
2011-02,0.77
2011-03,0.7
2011-04,0.73
2011-05,0.56
2011-06,0.41
2011-07,0.41
2011-08,0.23
2011-09,0.21
2011-10,0.28
2011-11,0.25
2011-12,0.26
2012-01,0.24
2012-02,0.28
2012-03,0.34
2012-04,0.29
2012-05,0.29
2012-06,0.29
2012-07,0.25
2012-08,0.27
2012-09,0.26
2012-10,0.28
2012-11,0.27
2012-12,0.26
2013-01,0.27
2013-02,0.27
2013-03,0.26
2013-04,0.23
2013-05,0.25
2013-06,0.33
2013-07,0.34
2013-08,0.36
2013-09,0.4
2013-10,0.34
2013-11,0.3
2013-12,0.34
2014-01,0.39
2014-02,0.33
2014-03,0.4
2014-04,0.42
2014-05,0.39
2014-06,0.45
2014-07,0.51
2014-08,0.47
2014-09,0.57
2014-10,0.45
2014-11,0.53
2014-12,0.64
2015-01,0.55
2015-02,0.62
2015-03,0.64
2015-04,0.54
2015-05,0.61
2015-06,0.69
2015-07,0.67
2015-08,0.7
2015-09,0.71
2015-10,0.64
2015-11,0.88
2015-12,0.98
2016-01,0.9
2016-02,0.73
2016-03,0.88
2016-04,0.77
2016-05,0.82
2016-06,0.73
2016-07,0.67
2016-08,0.74
2016-09,0.77
2016-10,0.84
2016-11,0.98
2016-12,1.2
2017-01,1.21
2017-02,1.2
2017-03,1.31
2017-04,1.24
2017-05,1.3
2017-06,1.34
2017-07,1.37
2017-08,1.34
2017-09,1.38
2017-10,1.55
2017-11,1.7
2017-12,1.84
2018-01,2.03
2018-02,2.18
2018-03,2.28
2018-04,2.38
2018-05,2.51
2018-06,2.53
2018-07,2.61
2018-08,2.64
2018-09,2.77
2018-10,2.86
2018-11,2.86
2018-12,2.68
2019-01,2.54
2019-02,2.5
2019-03,2.41
2019-04,2.34
2019-05,2.21
2019-06,1.81
2019-07,1.84
2019-08,1.57
2019-09,1.65
2019-10,1.55
2019-11,1.61
2019-12,1.61
2020-01,1.52
2020-02,1.33
2020-03,0.45
2020-04,0.22
2020-05,0.17
2020-06,0.19
2020-07,0.15
2020-08,0.14
2020-09,0.13
2020-10,0.15
2020-11,0.17
2020-12,0.14
2021-01,0.13
2021-02,0.12
2021-03,0.15
2021-04,0.16
2021-05,0.16
2021-06,0.2
2021-07,0.22
2021-08,0.22
2021-09,0.24
2021-10,0.39
2021-11,0.51
2021-12,0.68
2022-01,0.98
2022-02,1.44
2022-03,1.91
2022-04,2.54
2022-05,2.62
2022-06,3.0
2022-07,3.04
2022-08,3.25
2022-09,3.86
2022-10,4.38
2022-11,4.5
2022-12,4.29
2023-01,4.21
2023-02,4.53
2023-03,4.3
2023-04,4.02
2023-05,4.13
2023-06,4.64
2023-07,4.83
2023-08,4.9
2023-09,5.02
2023-10,5.07
2023-11,4.88
2023-12,4.46
2024-01,4.32
2024-02,4.54
2024-03,4.59
2024-04,4.87
2024-05,4.86
2024-06,4.74
2024-07,4.5
2024-08,3.97
2024-09,3.62
2024-10,3.97
2024-11,4.26
2024-12,4.23
2025-01,4.27
2025-02,4.21
2025-03,3.97
2025-04,3.78
2025-05,3.92
2025-06,3.89
2025-07,3.88
2025-08,3.7
2025-09,3.57
2025-10,3.52
2025-11,3.55
2025-12,3.5
2026-01,3.54
2026-02,3.47
2026-03,3.71
2026-04,3.8
2026-05,4.0
2026-06,4.11
2026-07,4.22
