,yen
1971-01,358.02
1971-02,357.545
1971-03,357.5187
1971-04,357.5032
1971-05,357.413
1971-06,357.4118
1971-07,357.4043
1971-08,355.78
1971-09,338.021
1971-10,331.1105
1971-11,328.752
1971-12,320.0727
1972-01,312.72
1972-02,305.187
1972-03,302.5365
1972-04,303.5605
1972-05,304.3795
1972-06,302.4145
1972-07,301.0305
1972-08,301.1609
1972-09,301.119
1972-10,301.011
1972-11,300.9885
1972-12,301.2405
1973-01,301.7882
1973-02,278.4206
1973-03,261.9014
1973-04,265.4914
1973-05,264.6505
1973-06,264.4981
1973-07,264.5538
1973-08,265.22
1973-09,265.4747
1973-10,266.3348
1973-11,278.2625
1973-12,280.1775
1974-01,298.1336
1974-02,291.0872
1974-03,282.1648
1974-04,277.7741
1974-05,278.9664
1974-06,282.97
1974-07,290.98
1974-08,302.2836
1974-09,299.084
1974-10,299.3645
1974-11,300.075
1974-12,300.4114
1975-01,299.6845
1975-02,291.6583
1975-03,287.9486
1975-04,292.1968
1975-05,291.4305
1975-06,293.4662
1975-07,296.3741
1975-08,297.9762
1975-09,299.909
1975-10,302.3364
1975-11,302.5453
1975-12,305.67
1976-01,304.6357
1976-02,301.5944
1976-03,300.5183
1976-04,299.1086
1976-05,299.004
1976-06,299.1909
1976-07,294.641
1976-08,290.6259
1976-09,287.361
1976-10,291.189
1976-11,295.1653
1976-12,294.7017
1977-01,291.0524
1977-02,285.0221
1977-03,280.2265
1977-04,275.2071
1977-05,277.4262
1977-06,272.8609
1977-07,264.8632
1977-08,266.6774
1977-09,266.77
1977-10,254.7445
1977-11,244.7026
1977-12,241.0229
1978-01,241.081
1978-02,240.3722
1978-03,231.8574
1978-04,221.857
1978-05,226.1786
1978-06,214.1064
1978-07,199.6955
1978-08,188.7096
1978-09,189.9195
1978-10,183.631
1978-11,192.1425
1978-12,195.955
1979-01,197.755
1979-02,200.5072
1979-03,206.3236
1979-04,216.2852
1979-05,218.4141
1979-06,218.5967
1979-07,216.51
1979-08,217.9257
1979-09,222.4137
1979-10,230.4845
1979-11,244.9842
1979-12,240.3745
1980-01,237.8886
1980-02,244.35
1980-03,248.4786
1980-04,250.275
1980-05,228.6286
1980-06,217.9176
1980-07,221.1364
1980-08,223.9138
1980-09,214.4167
1980-10,209.3227
1980-11,213.1059
1980-12,209.4886
1981-01,202.3667
1981-02,205.7167
1981-03,208.7918
1981-04,214.9759
1981-05,220.6285
1981-06,224.1805
1981-07,232.3261
1981-08,233.3262
1981-09,229.481
1981-10,231.519
1981-11,223.1267
1981-12,218.9545
1982-01,224.805
1982-02,235.3056
1982-03,241.2283
1982-04,244.1068
1982-05,236.9635
1982-06,251.1977
1982-07,255.031
1982-08,259.0455
1982-09,263.2857
1982-10,271.615
1982-11,264.0879
1982-12,241.9413
1983-01,232.731
1983-02,236.1211
1983-03,238.2543
1983-04,237.7467
1983-05,234.7557
1983-06,240.0314
1983-07,240.516
1983-08,244.4613
1983-09,242.3462
1983-10,232.8855
1983-11,235.03
1983-12,234.4624
1984-01,233.8
1984-02,233.5963
1984-03,225.2664
1984-04,225.2
1984-05,230.4777
1984-06,233.5657
1984-07,243.0676
1984-08,242.2609
1984-09,245.4568
1984-10,246.7545
1984-11,243.6305
1984-12,247.964
1985-01,254.1829
1985-02,260.4778
1985-03,257.9205
1985-04,251.8455
1985-05,251.7295
1985-06,248.84
1985-07,241.1364
1985-08,237.4609
1985-09,236.5275
1985-10,214.6805
1985-11,204.0737
1985-12,202.7881
1986-01,199.8905
1986-02,184.8516
1986-03,178.6938
1986-04,175.0918
1986-05,167.0314
1986-06,167.5419
1986-07,158.6059
1986-08,154.1771
1986-09,154.7314
1986-10,156.4723
1986-11,162.8494
1986-12,162.0523
1987-01,154.8295
1987-02,153.4068
1987-03,151.4332
1987-04,142.8986
1987-05,140.479
1987-06,144.5495
1987-07,150.2939
1987-08,147.3343
1987-09,143.291
1987-10,143.32
1987-11,135.3974
1987-12,128.2418
1988-01,127.6853
1988-02,129.1665
1988-03,127.1139
1988-04,124.8976
1988-05,124.7871
1988-06,127.4655
1988-07,133.0215
1988-08,133.7661
1988-09,134.3176
1988-10,128.6805
1988-11,123.202
1988-12,123.6076
1989-01,127.3625
1989-02,127.7374
1989-03,130.5504
1989-04,132.0365
1989-05,137.8636
1989-06,143.9809
1989-07,140.424
1989-08,141.4852
1989-09,145.07
1989-10,142.2067
1989-11,143.5343
1989-12,143.685
1990-01,144.9819
1990-02,145.6932
1990-03,153.3082
1990-04,158.4586
1990-05,154.0441
1990-06,153.6957
1990-07,149.0395
1990-08,147.4609
1990-09,138.4405
1990-10,129.5909
1990-11,129.2155
1990-12,133.889
1991-01,133.6986
1991-02,130.5358
1991-03,137.3867
1991-04,137.1127
1991-05,138.2218
1991-06,139.7475
1991-07,137.83
1991-08,136.8164
1991-09,134.2995
1991-10,130.7723
1991-11,129.6321
1991-12,128.0395
1992-01,125.4614
1992-02,127.6989
1992-03,132.8627
1992-04,133.5395
1992-05,130.771
1992-06,126.8355
1992-07,125.8817
1992-08,126.231
1992-09,122.5967
1992-10,121.1652
1992-11,123.88
1992-12,124.0409
1993-01,124.9932
1993-02,120.7595
1993-03,117.0174
1993-04,112.4114
1993-05,110.343
1993-06,107.4118
1993-07,107.6914
1993-08,103.765
1993-09,105.5748
1993-10,107.02
1993-11,107.8765
1993-12,109.913
1994-01,111.4415
1994-02,106.3011
1994-03,105.0974
1994-04,103.4843
1994-05,103.7533
1994-06,102.5264
1994-07,98.445
1994-08,99.9404
1994-09,98.7743
1994-10,98.353
1994-11,98.044
1994-12,100.1824
1995-01,99.766
1995-02,98.2368
1995-03,90.5196
1995-04,83.6895
1995-05,85.1127
1995-06,84.6355
1995-07,87.397
1995-08,94.7383
1995-09,100.5455
1995-10,100.839
1995-11,101.94
1995-12,101.8495
1996-01,105.7514
1996-02,105.788
1996-03,105.94
1996-04,107.1995
1996-05,106.3423
1996-06,108.96
1996-07,109.1909
1996-08,107.8659
1996-09,109.931
1996-10,112.4123
1996-11,112.2958
1996-12,113.981
1997-01,117.9124
1997-02,122.9621
1997-03,122.7738
1997-04,125.6377
1997-05,119.1924
1997-06,114.2857
1997-07,115.3759
1997-08,117.9295
1997-09,120.89
1997-10,121.0605
1997-11,125.3817
1997-12,129.7341
1998-01,129.5475
1998-02,125.8516
1998-03,129.0823
1998-04,131.7536
1998-05,134.896
1998-06,140.3305
1998-07,140.7874
1998-08,144.68
1998-09,134.4805
1998-10,121.0486
1998-11,120.2895
1998-12,117.0709
1999-01,113.29
1999-02,116.6684
1999-03,119.473
1999-04,119.7723
1999-05,121.9995
1999-06,120.7245
1999-07,119.3305
1999-08,113.2268
1999-09,106.8752
1999-10,105.965
1999-11,104.6485
1999-12,102.5843
2000-01,105.296
2000-02,109.3885
2000-03,106.3074
2000-04,105.627
2000-05,108.3205
2000-06,106.1255
2000-07,108.2115
2000-08,108.0804
2000-09,106.8375
2000-10,108.4429
2000-11,109.0095
2000-12,112.209
2001-01,116.6719
2001-02,116.2337
2001-03,121.505
2001-04,123.771
2001-05,121.7682
2001-06,122.351
2001-07,124.4981
2001-08,121.367
2001-09,118.6117
2001-10,121.4536
2001-11,122.4055
2001-12,127.5945
2002-01,132.6833
2002-02,133.6426
2002-03,131.061
2002-04,130.7718
2002-05,126.375
2002-06,123.2905
2002-07,117.8991
2002-08,118.9927
2002-09,121.078
2002-10,123.9077
2002-11,121.6079
2002-12,121.8929
2003-01,118.8133
2003-02,119.3379
2003-03,118.6871
2003-04,119.895
2003-05,117.3681
2003-06,118.329
2003-07,118.6959
2003-08,118.6624
2003-09,114.8
2003-10,109.4955
2003-11,109.1778
2003-12,107.7377
2004-01,106.2685
2004-02,106.7079
2004-03,108.5157
2004-04,107.6564
2004-05,112.196
2004-06,109.4336
2004-07,109.4871
2004-08,110.2336
2004-09,110.0914
2004-10,108.7835
2004-11,104.699
2004-12,103.8104
2005-01,103.341
2005-02,104.9442
2005-03,105.2543
2005-04,107.1938
2005-05,106.5952
2005-06,108.7473
2005-07,111.9535
2005-08,110.6065
2005-09,111.239
2005-10,114.8695
2005-11,118.454
2005-12,118.4624
2006-01,115.4765
2006-02,117.8605
2006-03,117.2778
2006-04,117.0695
2006-05,111.7305
2006-06,114.625
2006-07,115.767
2006-08,115.9243
2006-09,117.2145
2006-10,118.609
2006-11,117.3205
2006-12,117.322
2007-01,120.4471
2007-02,120.5047
2007-03,117.26
2007-04,118.9324
2007-05,120.7732
2007-06,122.6886
2007-07,121.4148
2007-08,116.7335
2007-09,115.0435
2007-10,115.8661
2007-11,111.0729
2007-12,112.449
2008-01,107.8181
2008-02,107.03
2008-03,100.7562
2008-04,102.6777
2008-05,104.3595
2008-06,106.9152
2008-07,106.8518
2008-08,109.3624
2008-09,106.5748
2008-10,99.9659
2008-11,96.9656
2008-12,91.275
2009-01,90.1205
2009-02,92.9158
2009-03,97.855
2009-04,98.92
2009-05,96.6445
2009-06,96.6145
2009-07,94.367
2009-08,94.8971
2009-09,91.2748
2009-10,90.3671
2009-11,89.2674
2009-12,89.9509
2010-01,91.1011
2010-02,90.1395
2010-03,90.7161
2010-04,93.4527
2010-05,91.973
2010-06,90.8059
2010-07,87.5005
2010-08,85.3727
2010-09,84.3571
2010-10,81.7285
2010-11,82.518
2010-12,83.3376
2011-01,82.625
2011-02,82.5368
2011-03,81.647
2011-04,83.1771
2011-05,81.1257
2011-06,80.4259
2011-07,79.2425
2011-08,76.9657
2011-09,76.7957
2011-10,76.643
2011-11,77.5595
2011-12,77.7967
2012-01,76.964
2012-02,78.47
2012-03,82.4659
2012-04,81.2524
2012-05,79.6668
2012-06,79.3152
2012-07,78.9348
2012-08,78.6909
2012-09,78.1353
2012-10,79.0132
2012-11,81.0305
2012-12,83.7905
2013-01,89.0581
2013-02,93.0016
2013-03,94.77
2013-04,97.7582
2013-05,100.9186
2013-06,97.235
2013-07,99.6727
2013-08,97.8123
2013-09,99.21
2013-10,97.77
2013-11,100.0737
2013-12,103.46
2014-01,103.7614
2014-02,102.1253
2014-03,102.3395
2014-04,102.4582
2014-05,101.7738
2014-06,102.0629
2014-07,101.74
2014-08,102.9438
2014-09,107.4257
2014-10,108.0264
2014-11,116.2994
2014-12,119.3233
2015-01,118.25
2015-02,118.76
2015-03,120.3945
2015-04,119.5095
2015-05,120.798
2015-06,123.7186
2015-07,123.3109
2015-08,123.0038
2015-09,120.1476
2015-10,120.0481
2015-11,122.6432
2015-12,121.635
2016-01,118.2258
2016-02,114.6155
2016-03,112.9317
2016-04,109.5519
2016-05,108.8481
2016-06,105.3509
2016-07,104.191
2016-08,101.2383
2016-09,101.7843
2016-10,103.9075
2016-11,108.443
2016-12,115.9981
2017-01,114.8721
2017-02,112.9116
2017-03,112.9165
2017-04,110.091
2017-05,112.2436
2017-06,110.9141
2017-07,112.417
2017-08,109.827
2017-09,110.776
2017-10,112.9148
2017-11,112.819
2017-12,112.9405
2018-01,110.871
2018-02,107.97
2018-03,106.0468
2018-04,107.6562
2018-05,109.6882
2018-06,110.0638
2018-07,111.521
2018-08,110.9965
2018-09,112.0974
2018-10,112.7218
2018-11,113.338
2018-12,112.1994
2019-01,108.9605
2019-02,110.44
2019-03,111.1443
2019-04,111.6414
2019-05,109.9714
2019-06,108.0685
2019-07,108.2864
2019-08,106.1886
2019-09,107.54
2019-10,108.1368
2019-11,108.8579
2019-12,109.101
2020-01,109.2667
2020-02,110.0295
2020-03,107.6673
2020-04,107.7386
2020-05,107.2
2020-06,107.5782
2020-07,106.6818
2020-08,106.0129
2020-09,105.589
2020-10,105.2095
2020-11,104.4061
2020-12,103.7952
2021-01,103.7883
2021-02,105.3774
2021-03,108.6991
2021-04,109.0445
2021-05,109.112
2021-06,110.1073
2021-07,110.2143
2021-08,109.8527
2021-09,110.161
2021-10,113.1215
2021-11,113.965
2021-12,113.8329
2022-01,114.8255
2022-02,115.2763
2022-03,118.5774
2022-04,126.3743
2022-05,128.8486
2022-06,133.9619
2022-07,136.709
2022-08,135.2835
2022-09,143.2843
2022-10,147.0515
2022-11,142.445
2022-12,134.9148
2023-01,130.4475
2023-02,133.0463
2023-03,133.6643
2023-04,133.4745
2023-05,137.0532
2023-06,141.3581
2023-07,140.936
2023-08,144.7804
2023-09,147.845
2023-10,149.5933
2023-11,149.679
2023-12,143.9815
2024-01,146.2943
2024-02,149.615
2024-03,149.8186
2024-04,153.89
2024-05,155.8691
2024-06,157.86
2024-07,157.5182
2024-08,146.2641
2024-09,142.954
2024-10,149.8909
2024-11,153.7126
2024-12,153.8143
2025-01,156.4819
2025-02,151.5716
2025-03,149.0576
2025-04,144.1286
2025-05,144.8762
2025-06,144.4835
2025-07,147.2014
2025-08,147.4786
2025-09,147.8629
2025-10,151.3545
2025-11,155.1411
2025-12,155.915
2026-01,156.6505
2026-02,155.1016
2026-03,158.6827
2026-04,159.1173
2026-05,158.153
2026-06,160.77
2026-07,162.3295
